state,2020_accidents,2021_accidents,2022_accidents,2023_accidents,2024_accidents,2020_killed,2021_killed,2022_killed,2023_killed,2024_killed,population_2024,accidents_per_100k_population,fatalities_per_100k_population,fatalities_per_100_accidents,five_year_average_accidents,five_year_average_fatalities,fatality_years_available,accident_change_2020_to_2024,accident_percent_change_2020_to_2024,fatality_change_2020_to_2024,fatality_percent_change_2020_to_2024,accident_rank_2024,fatality_rank_2024,accident_rate_rank_2024,fatality_rate_rank_2024,vehicle_registrations_2024,vehicles_per_1000_population
Andhra Pradesh,19509.0,21556.0,21249.0,19949.0,19557.0,7039.0,8186,8293,8137,8346,53340000,36.66479190101238,15.64679415073116,42.675256941248655,20364.0,8000.2,5,48.0,0.2460402890973397,1307.0,18.567978406023585,9.0,8.0,11.0,8.0,911747,17.093119610048745
Arunachal Pradesh,134.0,283.0,227.0,287.0,277.0,73.0,157,148,145,168,1576000,17.576142131979694,10.65989847715736,60.64981949458483,241.6,138.2,5,143.0,106.71641791044776,95.0,130.13698630136986,27.0,27.0,24.0,18.0,36796,23.34771573604061
Assam,6595.0,7411.0,7023.0,7421.0,7848.0,2629.0,3036,2994,3296,3351,36047000,21.771575998002607,9.29619663217466,42.698776758409785,7259.6,3061.2,5,1253.0,18.99924184988628,722.0,27.46291365538228,16.0,18.0,19.0,22.0,629458,17.462146641884207
Bihar,8639.0,9553.0,10801.0,11014.0,11610.0,6699.0,7660,8898,8873,9347,128592000,9.028555431131018,7.268725892746049,80.50818260120586,10323.4,8295.4,5,2971.0,34.39055446232203,2648.0,39.52828780414988,14.0,7.0,33.0,25.0,1395212,10.849912902824437
Chhattisgarh,11656.0,12375.0,13279.0,13468.0,14857.0,4606.0,5371,5834,6166,6945,30524000,48.67317520639497,22.75258812737518,46.74564178501716,13127.0,5784.4,5,3201.0,27.462251201098148,2339.0,50.78158923143725,11.0,11.0,9.0,2.0,714000,23.391429694666492
Goa,2375.0,2849.0,3011.0,2846.0,2682.0,223.0,226,271,290,286,1583000,169.42514213518635,18.0669614655717,10.663683818046234,2752.6,259.2,5,307.0,12.926315789473684,63.0,28.251121076233183,21.0,23.0,1.0,6.0,84300,53.253316487681616
Gujarat,13398.0,15186.0,15751.0,16349.0,15588.0,6170.0,7452,7618,7854,7717,72367000,21.540204789475865,10.663700305387817,49.50603027970234,15254.4,7362.2,5,2190.0,16.345723242274968,1547.0,25.07293354943274,10.0,10.0,20.0,17.0,1899370,26.24635538297843
Haryana,9431.0,9933.0,10429.0,10463.0,9806.0,4507.0,4706,4915,4968,4689,30573000,32.07405226834135,15.337062113629672,47.81766265551703,10012.4,4757.0,5,375.0,3.976248542042201,182.0,4.038162857776792,15.0,15.0,13.0,10.0,996158,32.58293265299447
Himachal Pradesh,2239.0,2404.0,2597.0,2253.0,2156.0,893.0,1052,1032,889,869,7505000,28.72751499000666,11.578947368421051,40.30612244897959,2329.8,947.0,5,-83.0,-3.707012058954891,-24.0,-2.6875699888017914,22.0,21.0,15.0,15.0,147735,19.68487674883411
Jharkhand,4405.0,4728.0,5175.0,5315.0,5196.0,3044.0,3513,3898,4173,4114,39963000,13.002026874859244,10.294522433250757,79.17628945342571,4963.8,3748.4,5,791.0,17.956867196367764,1070.0,35.15111695137976,20.0,16.0,29.0,19.0,579217,14.493831794409829
Karnataka,34178.0,34647.0,39762.0,43440.0,43062.0,9760.0,10038,11702,12321,12390,68115000,63.21955516406078,18.18982602950892,28.772467604848824,39017.8,11242.2,5,8884.0,25.99332904207385,2630.0,26.946721311475407,5.0,5.0,8.0,5.0,1888020,27.71812376128606
Kerala,27877.0,33296.0,43910.0,48091.0,48834.0,2979.0,3429,4317,4080,3880,35920000,135.9521158129176,10.801781737193764,7.945284023426301,40401.6,3737.0,5,20957.0,75.1766689385515,901.0,30.24504867405169,3.0,17.0,2.0,16.0,779382,21.697717149220487
Madhya Pradesh,45266.0,48877.0,54432.0,55327.0,56669.0,11141.0,12057,13427,13798,14791,87610000,64.68325533614885,16.88277593881977,26.100689971589404,52114.2,13042.8,5,11403.0,25.191092652321835,3650.0,32.76187056817162,2.0,4.0,7.0,7.0,1667653,19.0349617623559
Maharashtra,24971.0,29477.0,33383.0,35243.0,36118.0,11569.0,13528,15224,15366,15715,127360000,28.358982412060303,12.339038944723615,43.5101611384905,31838.4,14280.4,5,11147.0,44.63978214729086,4146.0,35.837151007001474,6.0,3.0,16.0,14.0,2887334,22.67065012562814
Manipur,432.0,366.0,508.0,398.0,299.0,127.0,110,127,73,72,3253000,9.191515524131573,2.2133415308945588,24.08026755852843,400.6,101.8,5,-133.0,-30.787037037037035,-55.0,-43.30708661417323,26.0,31.0,32.0,35.0,28091,8.635413464494313
Meghalaya,214.0,245.0,246.0,223.0,269.0,144.0,187,162,168,197,3379000,7.960935187925421,5.830127256584788,73.23420074349443,239.4,171.6,5,55.0,25.70093457943925,53.0,36.80555555555556,28.0,26.0,34.0,32.0,42346,12.53211009174312
Mizoram,53.0,69.0,133.0,106.0,118.0,42.0,56,113,96,110,1250000,9.44,8.799999999999999,93.22033898305084,95.8,83.4,5,65.0,122.64150943396226,68.0,161.9047619047619,35.0,28.0,31.0,24.0,29989,23.9912
Nagaland,500.0,746.0,489.0,303.0,129.0,53.0,55,73,86,62,2253000,5.725699067909454,2.751886373723924,48.06201550387597,433.4,65.8,5,-371.0,-74.2,9.0,16.9811320754717,34.0,33.0,35.0,34.0,27679,12.285397248113627
Odisha,9817.0,10983.0,11663.0,11992.0,12375.0,4738.0,5081,5467,5739,6142,44420000,27.85907248986943,13.827104907699232,49.63232323232323,11366.0,5433.4,5,2558.0,26.056840175206275,1404.0,29.63275643731532,13.0,13.0,17.0,12.0,810893,18.25513282305268
Punjab,5203.0,5871.0,6138.0,6269.0,6063.0,3898.0,4589,4756,4829,4759,30926000,19.604863221884496,15.388346375218262,78.49249546429161,5908.8,4566.2,5,860.0,16.528925619834713,861.0,22.088250384812724,17.0,14.0,22.0,9.0,705747,22.820507016749662
Rajasthan,19114.0,20951.0,23614.0,24694.0,24838.0,9250.0,10043,11104,11762,11790,81897000,30.32833925540618,14.396131726436863,47.46758998309043,22642.2,10789.8,5,5724.0,29.94663597363189,2540.0,27.459459459459463,8.0,6.0,14.0,11.0,1653718,20.192656629668974
Sikkim,138.0,155.0,211.0,182.0,149.0,47.0,56,92,57,67,695000,21.438848920863308,9.640287769784171,44.966442953020135,167.0,63.8,5,11.0,7.971014492753622,20.0,42.5531914893617,32.0,32.0,21.0,21.0,11671,16.792805755395683
Tamil Nadu,49844.0,55682.0,64105.0,67213.0,67526.0,14527.0,15384,17884,18347,18449,77089000,87.59485789152798,23.93207850666113,27.32132808103545,60874.0,16918.2,5,17682.0,35.47468100473477,3922.0,26.998003717216218,1.0,2.0,3.0,1.0,1953405,25.33960746669434
Telangana,19172.0,21315.0,21619.0,22903.0,25986.0,6882.0,7557,7559,7660,7949,38272000,67.89820234113712,20.769753344481607,30.58954821827138,22199.0,7521.4,5,6814.0,35.54141456290424,1067.0,15.504213891310664,7.0,9.0,6.0,3.0,1026491,26.820939590301005
Tripura,466.0,479.0,575.0,577.0,578.0,192.0,194,241,261,226,4184000,13.81453154875717,5.401529636711281,39.10034602076124,535.0,222.8,5,112.0,24.034334763948497,34.0,17.708333333333336,25.0,24.0,26.0,33.0,63665,15.216300191204589
Uttarakhand,1041.0,1405.0,1674.0,1691.0,1747.0,674.0,820,1042,1054,1090,11755000,14.861760952786048,9.272649936197364,62.39267315397825,1511.6,936.0,5,706.0,67.81940441882806,416.0,61.72106824925816,23.0,20.0,25.0,23.0,281788,23.971756699276906
Uttar Pradesh,34243.0,37729.0,41746.0,44534.0,46052.0,19149.0,21227,22595,23652,24118,238078000,19.343240450608626,10.130293433244567,52.37123251976027,40860.8,22148.2,5,11809.0,34.485880325906024,4969.0,25.94913572510314,4.0,1.0,23.0,20.0,3757843,15.784083367635818
West Bengal,10863.0,11937.0,13686.0,13795.0,13702.0,5128.0,5800,6002,6027,6676,99563000,13.76214055422195,6.70530217048502,48.72281418770982,12796.6,5926.6,5,2839.0,26.134585289514867,1548.0,30.18720748829953,12.0,12.0,27.0,29.0,1184916,11.901168104617176
Andaman & Nicobar Islands,141.0,115.0,141.0,143.0,135.0,14.0,20,19,24,29,404000,33.41584158415842,7.1782178217821775,21.48148148148148,135.0,21.2,5,-6.0,-4.25531914893617,15.0,107.14285714285714,33.0,35.0,12.0,26.0,8460,20.940594059405942
Chandigarh,159.0,208.0,237.0,182.0,169.0,53.0,96,83,67,75,1243000,13.596138374899438,6.033789219629928,44.37869822485207,191.0,74.8,5,10.0,6.289308176100629,22.0,41.50943396226416,30.0,30.0,28.0,31.0,46398,37.32743362831859
Dadra & Nagar Haveli and Daman & Diu,100.0,140.0,196.0,182.0,152.0,64.0,76,90,74,95,1356000,11.2094395280236,7.005899705014749,62.5,154.0,79.8,5,52.0,52.0,31.0,48.4375,31.0,29.0,30.0,28.0,24202,17.848082595870206
N.C.T of Delhi,4178.0,4720.0,5652.0,5834.0,5657.0,1196.0,1239,1461,1457,1551,21752000,26.006803972048548,7.130378815741081,27.417359024217784,5208.2,1380.8,5,1479.0,35.399712781235046,355.0,29.68227424749164,19.0,19.0,18.0,27.0,711069,32.689821625597645
Jammu & Kashmir,4860.0,5452.0,6092.0,6298.0,5808.0,728.0,774,805,893,831,13701000,42.39106634552223,6.065250711626889,14.307851239669422,5702.0,806.2,5,948.0,19.50617283950617,103.0,14.148351648351648,18.0,22.0,10.0,30.0,179387,13.092985913436975
Ladakh,,236.0,374.0,289.0,264.0,,56,62,59,61,302000,87.41721854304636,20.198675496688743,23.10606060606061,290.75,59.5,4,,,,,29.0,34.0,4.0,4.0,5437,18.003311258278146
Lakshadweep,1.0,4.0,3.0,1.0,0.0,0.0,1,2,0,0,69000,0.0,0.0,,1.8,0.6,5,-1.0,-100.0,0.0,,36.0,36.0,36.0,36.0,576,8.347826086956522
Puducherry,969.0,1049.0,1181.0,1308.0,1431.0,145.0,140,181,149,218,1683000,85.02673796791444,12.953060011883542,15.234102026554858,1187.6,166.6,5,462.0,47.6780185758514,73.0,50.3448275862069,24.0,25.0,5.0,13.0,65458,38.89364230540701
